seq,tid,ts_sec,ts_nsec,msg
7810,0x16f787000,1760847831,787092000,writer1-msg3904
7811,0x16f6fb000,1760847831,787096000,writer0-msg3905
7812,0x16f6fb000,1760847831,788365000,writer0-msg3906
7813,0x16f787000,1760847831,788367000,writer1-msg3905
7814,0x16f787000,1760847831,789636000,writer1-msg3906
7815,0x16f6fb000,1760847831,789641000,writer0-msg3907
7816,0x16f787000,1760847831,790904000,writer1-msg3907
7817,0x16f6fb000,1760847831,790907000,writer0-msg3908
7818,0x16f787000,1760847831,792181000,writer1-msg3908
7819,0x16f6fb000,1760847831,792187000,writer0-msg3909
7820,0x16f6fb000,1760847831,793447000,writer0-msg3910
7821,0x16f787000,1760847831,793451000,writer1-msg3909
7822,0x16f6fb000,1760847831,794813000,writer0-msg3911
7823,0x16f787000,1760847831,794825000,writer1-msg3910
7824,0x16f6fb000,1760847831,796091000,writer0-msg3912
7825,0x16f787000,1760847831,796098000,writer1-msg3911
7826,0x16f6fb000,1760847831,797354000,writer0-msg3913
7827,0x16f787000,1760847831,797369000,writer1-msg3912
7828,0x16f6fb000,1760847831,798511000,writer0-msg3914
7829,0x16f787000,1760847831,798627000,writer1-msg3913
7830,0x16f6fb000,1760847831,799778000,writer0-msg3915
7831,0x16f787000,1760847831,799888000,writer1-msg3914
7832,0x16f6fb000,1760847831,801060000,writer0-msg3916
7833,0x16f787000,1760847831,801079000,writer1-msg3915
7834,0x16f6fb000,1760847831,802324000,writer0-msg3917
7835,0x16f787000,1760847831,802328000,writer1-msg3916
7836,0x16f6fb000,1760847831,803530000,writer0-msg3918
7837,0x16f787000,1760847831,803603000,writer1-msg3917
7838,0x16f787000,1760847831,804787000,writer1-msg3918
7839,0x16f6fb000,1760847831,804794000,writer0-msg3919
7840,0x16f6fb000,1760847831,805990000,writer0-msg3920
7841,0x16f787000,1760847831,806046000,writer1-msg3919
7842,0x16f787000,1760847831,807263000,writer1-msg3920
7843,0x16f6fb000,1760847831,807277000,writer0-msg3921
7844,0x16f787000,1760847831,808443000,writer1-msg3921
7845,0x16f6fb000,1760847831,808541000,writer0-msg3922
7846,0x16f787000,1760847831,809495000,writer1-msg3922
7847,0x16f6fb000,1760847831,809808000,writer0-msg3923
7848,0x16f787000,1760847831,810723000,writer1-msg3923
7849,0x16f6fb000,1760847831,811064000,writer0-msg3924
7850,0x16f787000,1760847831,811986000,writer1-msg3924
7851,0x16f6fb000,1760847831,812452000,writer0-msg3925
7852,0x16f787000,1760847831,813250000,writer1-msg3925
7853,0x16f6fb000,1760847831,813707000,writer0-msg3926
7854,0x16f787000,1760847831,814515000,writer1-msg3926
7855,0x16f6fb000,1760847831,814983000,writer0-msg3927
7856,0x16f787000,1760847831,815772000,writer1-msg3927
7857,0x16f6fb000,1760847831,816137000,writer0-msg3928
7858,0x16f787000,1760847831,816973000,writer1-msg3928
7859,0x16f6fb000,1760847831,817408000,writer0-msg3929
7860,0x16f787000,1760847831,818238000,writer1-msg3929
7861,0x16f6fb000,1760847831,818669000,writer0-msg3930
7862,0x16f787000,1760847831,819501000,writer1-msg3930
7863,0x16f6fb000,1760847831,819929000,writer0-msg3931
7864,0x16f787000,1760847831,820765000,writer1-msg3931
7865,0x16f6fb000,1760847831,821004000,writer0-msg3932
7866,0x16f787000,1760847831,822028000,writer1-msg3932
7867,0x16f6fb000,1760847831,822267000,writer0-msg3933
7868,0x16f787000,1760847831,823312000,writer1-msg3933
7869,0x16f6fb000,1760847831,823525000,writer0-msg3934
7870,0x16f787000,1760847831,824565000,writer1-msg3934
7871,0x16f6fb000,1760847831,824783000,writer0-msg3935
7872,0x16f787000,1760847831,825731000,writer1-msg3935
7873,0x16f6fb000,1760847831,826047000,writer0-msg3936
7874,0x16f787000,1760847831,826992000,writer1-msg3936
7875,0x16f6fb000,1760847831,827315000,writer0-msg3937
7876,0x16f787000,1760847831,828255000,writer1-msg3937
7877,0x16f6fb000,1760847831,828580000,writer0-msg3938
7878,0x16f787000,1760847831,829514000,writer1-msg3938
7879,0x16f6fb000,1760847831,829840000,writer0-msg3939
7880,0x16f787000,1760847831,830787000,writer1-msg3939
7881,0x16f6fb000,1760847831,831097000,writer0-msg3940
7882,0x16f787000,1760847831,832053000,writer1-msg3940
7883,0x16f6fb000,1760847831,832120000,writer0-msg3941
7884,0x16f787000,1760847831,833325000,writer1-msg3941
7885,0x16f6fb000,1760847831,833361000,writer0-msg3942
7886,0x16f787000,1760847831,834599000,writer1-msg3942
7887,0x16f6fb000,1760847831,834629000,writer0-msg3943
7888,0x16f6fb000,1760847831,835874000,writer0-msg3944
7889,0x16f787000,1760847831,835894000,writer1-msg3943
7890,0x16f6fb000,1760847831,837228000,writer0-msg3945
7891,0x16f787000,1760847831,837378000,writer1-msg3944
7892,0x16f6fb000,1760847831,838509000,writer0-msg3946
7893,0x16f787000,1760847831,838512000,writer1-msg3945
7894,0x16f787000,1760847831,839788000,writer1-msg3946
7895,0x16f6fb000,1760847831,839811000,writer0-msg3947
7896,0x16f787000,1760847831,841060000,writer1-msg3947
7897,0x16f6fb000,1760847831,841078000,writer0-msg3948
7898,0x16f787000,1760847831,842335000,writer1-msg3948
7899,0x16f6fb000,1760847831,842351000,writer0-msg3949
7900,0x16f787000,1760847831,843602000,writer1-msg3949
7901,0x16f6fb000,1760847831,843617000,writer0-msg3950
7902,0x16f787000,1760847831,844941000,writer1-msg3950
7903,0x16f6fb000,1760847831,845021000,writer0-msg3951
7904,0x16f787000,1760847831,846208000,writer1-msg3951
7905,0x16f6fb000,1760847831,846287000,writer0-msg3952
7906,0x16f787000,1760847831,847240000,writer1-msg3952
7907,0x16f6fb000,1760847831,847551000,writer0-msg3953
7908,0x16f787000,1760847831,848509000,writer1-msg3953
7909,0x16f6fb000,1760847831,848823000,writer0-msg3954
